"Kind";"Species";"Loc";"Season";"Cruise";"Date";"Tide";"Hol";"SampleID";"Replicates";"Replicates2";"Depth";"Temperature";"pH";"Conductivity";"Salinity";"O2Sat";"O2";"SecchiDepth";"WaterColumn";"TrophicGuild";"TrophicLevel";"Length";"Weight";"StomachContent";"FillLevel";"LiverWeight";"SpleenWeight";"GonadWeight";"Age";"Sex"
"1";"Fish";"OE";"Medem Grund";"Summer_21";"Elbe_Summer_21";2021-08-25;"Ebb";11;"OESU21MGEB1";"OESU21MG";"OESU21MG";11.35;17.3;7.9;1898;11.32;91;8.2;37.5;"Pelagic";"Planktivor";3.5;150;19.31;0.07;0;0.22;0.0252;0.02;NA;"f"
"2";"Fish";"OE";"Medem Grund";"Summer_21";"Elbe_Summer_21";2021-08-25;"Ebb";11;"OESU21MGEB4";"OESU21MG";"OESU21MG";11.35;17.3;7.9;1898;11.32;91;8.2;37.5;"Pelagic";"Planktivor";3.5;183;39.61;0.15;0;0.45;0.0548;0.16;NA;"m"
"3";"Fish";"OE";"Medem Grund";"Summer_21";"Elbe_Summer_21";2021-08-25;"Ebb";11;"OESU21MGEB6";"OESU21MG";"OESU21MG";11.35;17.3;7.9;1898;11.32;91;8.2;37.5;"Pelagic";"Planktivor";3.5;133;18.02;0.1;1;0.25;0.0353;0.12;NA;NA
"4";"Fish";"OE";"Medem Grund";"Summer_21";"Elbe_Summer_21";2021-08-25;"Ebb";11;"OESU21MGEB8";"OESU21MG";"OESU21MG";11.35;17.3;7.9;1898;11.32;91;8.2;37.5;"Pelagic";"Planktivor";3.5;192;43;1.08;4;0.94;0.105;0.14;NA;"f"
"5";"Fish";"OE";"Medem Grund";"Summer_21";"Elbe_Summer_21";2021-08-25;"Ebb";11;"OESU21MGEB9";"OESU21MG";"OESU21MG";11.35;17.3;7.9;1898;11.32;91;8.2;37.5;"Pelagic";"Planktivor";3.5;146;19.14;0.02;0;0.16;0.0272;0;NA;NA
"6";"Fish";"OE";"Medem Grund";"Summer_21";"Elbe_Summer_21";2021-08-25;"Flood";12;"OESU21MGFL2";"OESU21MG";"OESU21MG";12.35;17.32;7.9;2138.5;12.82;97;8.6;35;"Pelagic";"Planktivor";3.5;157;24.26;0.01;0;0.22;0.0322;0;NA;NA
"7";"Fish";"OE";"Medem Grund";"Summer_21";"Elbe_Summer_21";2021-08-25;"Flood";12;"OESU21MGFL6";"OESU21MG";"OESU21MG";12.35;17.32;7.9;2138.5;12.82;97;8.6;35;"Pelagic";"Planktivor";3.5;141;15.74;0.05;0;0.16;0.0191;0;NA;NA
"8";"Fish";"OE";"Brunsbuettel";"Summer_21";"Elbe_Summer_21";2021-08-26;"Ebb";13;"OESU21BBEB5";"OESU21BB";"OESU21BB";12.8;17.75;7.9;7023.5;3.88;94;8.7;22.5;"Pelagic";"Planktivor";3.5;159;26.15;0.12;0;0.17;0.0101;0;NA;NA
"9";"Fish";"OE";"Brunsbuettel";"Summer_21";"Elbe_Summer_21";2021-08-26;"Ebb";13;"OESU21BBEB6";"OESU21BB";"OESU21BB";12.8;17.75;7.9;7023.5;3.88;94;8.7;22.5;"Pelagic";"Planktivor";3.5;151;22.39;0.17;1;0.18;0.0287;0;NA;NA
"10";"Fish";"OE";"Brunsbuettel";"Summer_21";"Elbe_Summer_21";2021-08-26;"Ebb";13;"OESU21BBEB7";"OESU21BB";"OESU21BB";12.8;17.75;7.9;7023.5;3.88;94;8.7;22.5;"Pelagic";"Planktivor";3.5;166;31.52;0.17;0;0.27;0.0575;0;NA;NA
"11";"Fish";"OE";"Brunsbuettel";"Summer_21";"Elbe_Summer_21";2021-08-26;"Ebb";13;"OESU21BBEB8";"OESU21BB";"OESU21BB";12.8;17.75;7.9;7023.5;3.88;94;8.7;22.5;"Pelagic";"Planktivor";3.5;147;20.64;0.09;0;0.3;0.0163;0;NA;NA
"12";"Fish";"OE";"Brunsbuettel";"Summer_21";"Elbe_Summer_21";2021-08-26;"Ebb";13;"OESU21BBEB9";"OESU21BB";"OESU21BB";12.8;17.75;7.9;7023.5;3.88;94;8.7;22.5;"Pelagic";"Planktivor";3.5;147;18.19;0.09;0;0.16;0.0294;0;NA;NA
"13";"Fish";"OE";"Brunsbuettel";"Summer_21";"Elbe_Summer_21";2021-08-26;"Flood";14;"OESU21BBFL1";"OESU21BB";"OESU21BB";14.6;17.89;7.8;5495;3.03;94;8.7;22.5;"Pelagic";"Planktivor";3.5;192;42.59;0.31;0;0.34;0.0539;0;NA;NA
"14";"Fish";"OE";"Brunsbuettel";"Summer_21";"Elbe_Summer_21";2021-08-26;"Flood";14;"OESU21BBFL4";"OESU21BB";"OESU21BB";14.6;17.89;7.8;5495;3.03;94;8.7;22.5;"Pelagic";"Planktivor";3.5;181;35.49;0.34;1;0.38;0.0216;0;NA;NA
"15";"Fish";"OE";"Schwarztonnen Sand";"Summer_21";"Elbe_Summer_21";2021-08-27;"Ebb";15;"OESU21SSEB6";"OESU21SS";"OESU21SS";13.85;17.51;7.7;1321.5;0.76;85;8.1;15;"Pelagic";"Planktivor";3.5;150;22.65;0.35;2;0.21;0.0194;0.07;NA;NA
"16";"Fish";"OE";"Schwarztonnen Sand";"Summer_21";"Elbe_Summer_21";2021-08-27;"Ebb";15;"OESU21SSEB7";"OESU21SS";"OESU21SS";13.85;17.51;7.7;1321.5;0.76;85;8.1;15;"Pelagic";"Planktivor";3.5;139;21.06;0.19;1;0.22;0.0279;0.02;NA;NA
"17";"Fish";"OE";"Schwarztonnen Sand";"Summer_21";"Elbe_Summer_21";2021-08-27;"Ebb";15;"OESU21SSEB8";"OESU21SS";"OESU21SS";13.85;17.51;7.7;1321.5;0.76;85;8.1;15;"Pelagic";"Planktivor";3.5;170;29.15;0.17;0;0.31;0.0617;0;NA;NA
"18";"Fish";"OE";"Schwarztonnen Sand";"Summer_21";"Elbe_Summer_21";2021-08-27;"Ebb";15;"OESU21SSEB9";"OESU21SS";"OESU21SS";13.85;17.51;7.7;1321.5;0.76;85;8.1;15;"Pelagic";"Planktivor";3.5;145;22.67;0.15;0;0.23;0.0171;0.11;NA;NA
"19";"Fish";"OE";"Schwarztonnen Sand";"Summer_21";"Elbe_Summer_21";2021-08-27;"Flood";16;"OESU21SSFL1";"OESU21SS";"OESU21SS";12.65;17.56;7.8;1239.5;0.62;84;8;15;"Pelagic";"Planktivor";3.5;178;38.35;0.35;2;0.3;0.0326;0.05;NA;"f"
"20";"Fish";"OE";"Schwarztonnen Sand";"Summer_21";"Elbe_Summer_21";2021-08-27;"Flood";16;"OESU21SSFL2";"OESU21SS";"OESU21SS";12.65;17.56;7.8;1239.5;0.62;84;8;15;"Pelagic";"Planktivor";3.5;168;30.75;0.27;1;0.34;0.0257;0.19;NA;"f"
"21";"Fish";"OE";"Schwarztonnen Sand";"Summer_21";"Elbe_Summer_21";2021-08-27;"Flood";16;"OESU21SSFL6";"OESU21SS";"OESU21SS";12.65;17.56;7.8;1239.5;0.62;84;8;15;"Pelagic";"Planktivor";3.5;150;19.79;0.1;0;0.19;0.09407;0;NA;NA
"22";"Fish";"OE";"Twielenfleth";"Summer_21";"Elbe_Summer_21";2021-08-28;"Ebb";17;"OESU21TWEB2";"OESU21TW";"OESU21TW";14.1;17.5;7.7;1008.5;0.5;84;7.8;17.5;"Pelagic";"Planktivor";3.5;179;34.69;0.29;2;0.17;0.0845;0.06;NA;"f"
"23";"Fish";"OE";"Twielenfleth";"Summer_21";"Elbe_Summer_21";2021-08-28;"Ebb";17;"OESU21TWEB3";"OESU21TW";"OESU21TW";14.1;17.5;7.7;1008.5;0.5;84;7.8;17.5;"Pelagic";"Planktivor";3.5;154;21.28;0.18;1;0.08;0.0183;0;NA;NA
"24";"Fish";"OE";"Twielenfleth";"Summer_21";"Elbe_Summer_21";2021-08-28;"Ebb";17;"OESU21TWEB4";"OESU21TW";"OESU21TW";14.1;17.5;7.7;1008.5;0.5;84;7.8;17.5;"Pelagic";"Planktivor";3.5;132;14.96;0.09;1;0.06;0.0157;0;NA;NA
"25";"Fish";"OE";"Twielenfleth";"Summer_21";"Elbe_Summer_21";2021-08-28;"Ebb";17;"OESU21TWEB5";"OESU21TW";"OESU21TW";14.1;17.5;7.7;1008.5;0.5;84;7.8;17.5;"Pelagic";"Planktivor";3.5;135;14.12;0.08;1;0.07;0.0115;0;NA;NA
"26";"Fish";"OE";"Twielenfleth";"Summer_21";"Elbe_Summer_21";2021-08-28;"Ebb";17;"OESU21TWEB6";"OESU21TW";"OESU21TW";13.2;17.5;7.6;979;0.5;78;7.5;15;"Pelagic";"Planktivor";3.5;126;11.56;0.08;1;0.06;0.0119;0;NA;NA
"27";"Fish";"OE";"Twielenfleth";"Summer_21";"Elbe_Summer_21";2021-08-28;"Flood";18;"OESU21TWFL1";"OESU21TW";"OESU21TW";13.2;17.5;7.6;979;0.5;78;7.5;15;"Pelagic";"Planktivor";3.5;190;48.92;1;4;0.38;0.1076;0.25;NA;NA
"28";"Fish";"OE";"Twielenfleth";"Summer_21";"Elbe_Summer_21";2021-08-28;"Flood";18;"OESU21TWFL3";"OESU21TW";"OESU21TW";13.2;17.5;7.6;979;0.5;78;7.5;15;"Pelagic";"Planktivor";3.5;152;20.37;0.23;3;0.15;0.0173;0.17;NA;NA
"29";"Fish";"OE";"Twielenfleth";"Summer_21";"Elbe_Summer_21";2021-08-28;"Flood";18;"OESU21TWFL5";"OESU21TW";"OESU21TW";13.2;17.5;7.6;979;0.5;78;7.5;15;"Pelagic";"Planktivor";3.5;152;20.76;0.08;0;0.1;0.0241;0.1;NA;NA
"30";"Fish";"OE";"Twielenfleth";"Summer_21";"Elbe_Summer_21";2021-08-28;"Flood";18;"OESU21TWFL7";"OESU21TW";"OESU21TW";13.2;17.5;7.6;979;0.5;78;7.5;15;"Pelagic";"Planktivor";3.5;144;22.4;0.36;3;0.18;0.0168;0.03;NA;NA
"31";"Fish";"OE";"Muehlenberger Loch";"Summer_21";"Elbe_Summer_21";2021-08-29;"Ebb";20;"OESU21MLEB1";"OESU21ML";"OESU21ML";12.45;17.36;7.6;928.5;0.46;52;5;30;"Pelagic";"Planktivor";3.5;162;26.23;0.42;1;0.26;0.0301;0.14;NA;"f"
"32";"Fish";"OE";"Muehlenberger Loch";"Summer_21";"Elbe_Summer_21";2021-08-29;"Ebb";20;"OESU21MLEB2";"OESU21ML";"OESU21ML";12.45;17.36;7.6;928.5;0.46;52;5;30;"Pelagic";"Planktivor";3.5;160;26.47;0.21;0;0.21;0.0171;0;NA;NA
"33";"Fish";"OE";"Muehlenberger Loch";"Summer_21";"Elbe_Summer_21";2021-08-29;"Ebb";20;"OESU21MLEB3";"OESU21ML";"OESU21ML";12.45;17.36;7.6;928.5;0.46;52;5;30;"Pelagic";"Planktivor";3.5;145;21.03;0.18;0;0.24;0.0159;0;NA;NA
"34";"Fish";"OE";"Muehlenberger Loch";"Summer_21";"Elbe_Summer_21";2021-08-29;"Flood";19;"OESU21MLFL1";"OESU21ML";"OESU21ML";10.9;17.35;7.5;932;0.47;48;4.6;12.5;"Pelagic";"Planktivor";3.5;154;28.6;0.16;1;0.31;0.0231;0;NA;NA
"35";"Fish";"OE";"Muehlenberger Loch";"Summer_21";"Elbe_Summer_21";2021-08-29;"Flood";19;"OESU21MLFL2";"OESU21ML";"OESU21ML";10.9;17.35;7.5;932;0.47;48;4.6;12.5;"Pelagic";"Planktivor";3.5;133;14.86;0.89;3;0.11;0.0148;0;NA;NA
"36";"Fish";"OE";"Medem Grund";"Autumn_21";"Elbe_Autumn_21";2021-11-21;"Ebb";29;"OEAU21MGEB1";"OEAU21MG";"OEAU21MG";12.2;8.19;7.97;1932;11.56;94.25;10.28;21.5;"Pelagic";"Planktivor";3.5;182;35.29;0.54;2;0.35;0.0227;0;NA;NA
"37";"Fish";"OE";"Medem Grund";"Autumn_21";"Elbe_Autumn_21";2021-11-21;"Ebb";29;"OEAU21MGEB3";"OEAU21MG";"OEAU21MG";12.2;8.19;7.97;1932;11.56;94.25;10.28;21.5;"Pelagic";"Planktivor";3.5;189;39.44;0.16;0;0.72;0.0268;2.63;NA;"f"
"38";"Fish";"OE";"Medem Grund";"Autumn_21";"Elbe_Autumn_21";2021-11-21;"Ebb";29;"OEAU21MGEB5";"OEAU21MG";"OEAU21MG";12.2;8.19;7.97;1932;11.56;94.25;10.28;21.5;"Pelagic";"Planktivor";3.5;162;27.27;0.81;3;0.52;0.0182;1.4;NA;"f"
"39";"Fish";"OE";"Medem Grund";"Autumn_21";"Elbe_Autumn_21";2021-11-21;"Ebb";29;"OEAU21MGEB7";"OEAU21MG";"OEAU21MG";12.2;8.19;7.97;1932;11.56;94.25;10.28;21.5;"Pelagic";"Planktivor";3.5;176;36.73;1.09;3;0.68;0.0256;1.88;NA;"f"
"40";"Fish";"OE";"Medem Grund";"Autumn_21";"Elbe_Autumn_21";2021-11-21;"Flood";30;"OEAU21MGFL1";"OEAU21MG";"OEAU21MG";12.6;8.3;8;2016.5;12.1;96.1;10.3;32.5;"Pelagic";"Planktivor";3.5;169;28.09;0.14;1;0.14;0.0295;1.12;NA;"m"
"41";"Fish";"OE";"Medem Grund";"Autumn_21";"Elbe_Autumn_21";2021-11-21;"Flood";30;"OEAU21MGFL3";"OEAU21MG";"OEAU21MG";12.6;8.3;8;2016.5;12.1;96.1;10.3;32.5;"Pelagic";"Planktivor";3.5;210;76.86;0.01;0;1.4;0.0933;5.41;NA;"m"
"42";"Fish";"OE";"Medem Grund";"Autumn_21";"Elbe_Autumn_21";2021-11-21;"Flood";30;"OEAU21MGFL5";"OEAU21MG";"OEAU21MG";12.6;8.3;8;2016.5;12.1;96.1;10.3;32.5;"Pelagic";"Planktivor";3.5;183;34.01;0.76;2;0.24;0.0355;1.1;NA;"m"
"43";"Fish";"OE";"Brunsbuettel";"Autumn_21";"Elbe_Autumn_21";2021-11-20;"Ebb";27;"OEAU21BBEB1";"OEAU21BB";"OEAU21BB";12.7;8.66;8;6138;3.4;103;12.2;20;"Pelagic";"Planktivor";3.5;210;68.96;0.17;1;1.2;0.1031;6.18;NA;"f"
"44";"Fish";"OE";"Brunsbuettel";"Autumn_21";"Elbe_Autumn_21";2021-11-20;"Ebb";27;"OEAU21BBEB3";"OEAU21BB";"OEAU21BB";12.7;8.66;8;6138;3.4;103;12.2;20;"Pelagic";"Planktivor";3.5;210;55.19;0.12;0;0.67;0.0223;1.97;NA;"m"
"45";"Fish";"OE";"Brunsbuettel";"Autumn_21";"Elbe_Autumn_21";2021-11-20;"Ebb";27;"OEAU21BBEB6";"OEAU21BB";"OEAU21BB";12.7;8.66;8;6138;3.4;103;12.2;20;"Pelagic";"Planktivor";3.5;175;41.83;0.57;1;0.49;0.0538;2.65;NA;"m"
"46";"Fish";"OE";"Brunsbuettel";"Autumn_21";"Elbe_Autumn_21";2021-11-20;"Ebb";27;"OEAU21BBEB7";"OEAU21BB";"OEAU21BB";12.7;8.66;8;6138;3.4;103;12.2;20;"Pelagic";"Planktivor";3.5;180;43.41;0.71;2;1.01;0.0395;3.71;NA;"f"
"47";"Fish";"OE";"Brunsbuettel";"Autumn_21";"Elbe_Autumn_21";2021-11-20;"Flood";28;"OEAU21BBFL2";"OEAU21BB";"OEAU21BB";13.85;8.66;8;5336.5;2.96;105;12.1;13.5;"Pelagic";"Planktivor";3.5;192;53.54;0.15;0;1.29;0.0657;4.52;NA;"f"
"48";"Fish";"OE";"Brunsbuettel";"Autumn_21";"Elbe_Autumn_21";2021-11-20;"Flood";28;"OEAU21BBFL4";"OEAU21BB";"OEAU21BB";13.85;8.66;8;5336.5;2.96;105;12.1;13.5;"Pelagic";"Planktivor";3.5;190;48.23;2.84;4;1.16;0.0477;2.92;NA;"f"
"49";"Fish";"OE";"Brunsbuettel";"Autumn_21";"Elbe_Autumn_21";2021-11-20;"Flood";28;"OEAU21BBFL6";"OEAU21BB";"OEAU21BB";13.85;8.66;8;5336.5;2.96;105;12.1;13.5;"Pelagic";"Planktivor";3.5;186;37.97;0.27;0;0.84;0.0453;3.04;NA;"f"
"50";"Fish";"OE";"Schwarztonnen Sand";"Autumn_21";"Elbe_Autumn_21";2021-11-19;"Ebb";25;"OEAU21SSEB1";"OEAU21SS";"OEAU21SS";12.35;7.79;7.9;1361.5;0.69;91;10.9;10;"Pelagic";"Planktivor";3.5;212;73.73;0.37;0;1.07;0.1068;5.14;NA;"m"
"51";"Fish";"OE";"Schwarztonnen Sand";"Autumn_21";"Elbe_Autumn_21";2021-11-19;"Ebb";25;"OEAU21SSEB3";"OEAU21SS";"OEAU21SS";12.35;7.79;7.9;1361.5;0.69;91;10.9;10;"Pelagic";"Planktivor";3.5;202;74.78;0.3;0;1.92;0.0796;4.06;NA;"f"
"52";"Fish";"OE";"Schwarztonnen Sand";"Autumn_21";"Elbe_Autumn_21";2021-11-19;"Ebb";25;"OEAU21SSEB5";"OEAU21SS";"OEAU21SS";12.35;7.79;7.9;1361.5;0.69;91;10.9;10;"Pelagic";"Planktivor";3.5;208;58.84;0.2;1;0.46;0.0899;2.82;NA;"m"
"53";"Fish";"OE";"Schwarztonnen Sand";"Autumn_21";"Elbe_Autumn_21";2021-11-19;"Ebb";25;"OEAU21SSEB8";"OEAU21SS";"OEAU21SS";12.35;7.79;7.9;1361.5;0.69;91;10.9;10;"Pelagic";"Planktivor";3.5;186;43.88;0.01;0;0.31;0.0556;1.85;NA;"m"
"54";"Fish";"OE";"Schwarztonnen Sand";"Autumn_21";"Elbe_Autumn_21";2021-11-19;"Flood";26;"OEAU21SSFL1";"OEAU21SS";"OEAU21SS";13.35;7.81;7.9;1303.5;0.66;90;10.8;10;"Pelagic";"Planktivor";3.5;207;85.73;0.519;0;2.612;0.0548;7.479;NA;"f"
"55";"Fish";"OE";"Schwarztonnen Sand";"Autumn_21";"Elbe_Autumn_21";2021-11-19;"Flood";26;"OEAU21SSFL3";"OEAU21SS";"OEAU21SS";13.35;7.81;7.9;1303.5;0.66;90;10.8;10;"Pelagic";"Planktivor";3.5;200;52.35;0.27;0;1.141;0.044;4.69;NA;"f"
"56";"Fish";"OE";"Schwarztonnen Sand";"Autumn_21";"Elbe_Autumn_21";2021-11-19;"Flood";26;"OEAU21SSFL6";"OEAU21SS";"OEAU21SS";13.35;7.81;7.9;1303.5;0.66;90;10.8;10;"Pelagic";"Planktivor";3.5;190;52.7;0.2218;0;1.0023;0.127;3.178;NA;"m"
"57";"Fish";"OE";"Twielenfleth";"Autumn_21";"Elbe_Autumn_21";2021-11-18;"Ebb";23;"OEAU21TWEB1";"OEAU21TW";"OEAU21TW";12.8;7.44;7.8;1066;0.53;95;11.5;12.5;"Pelagic";"Planktivor";3.5;205;82.69;0.16;0;1.39;0.06;14.2;NA;"f"
"58";"Fish";"OE";"Twielenfleth";"Autumn_21";"Elbe_Autumn_21";2021-11-18;"Ebb";23;"OEAU21TWEB3";"OEAU21TW";"OEAU21TW";12.8;7.44;7.8;1066;0.53;95;11.5;12.5;"Pelagic";"Planktivor";3.5;202;53.4;0.219;0;0.324;0.06;2.314;NA;"m"
"59";"Fish";"OE";"Twielenfleth";"Autumn_21";"Elbe_Autumn_21";2021-11-18;"Ebb";23;"OEAU21TWEB5";"OEAU21TW";"OEAU21TW";12.8;7.44;7.8;1066;0.53;95;11.5;12.5;"Pelagic";"Planktivor";3.5;175;44.25;0.105;0;0.912;0.03;5.515;NA;"f"
"60";"Fish";"OE";"Twielenfleth";"Autumn_21";"Elbe_Autumn_21";2021-11-18;"Ebb";23;"OEAU21TWEB7";"OEAU21TW";"OEAU21TW";12.8;7.44;7.8;1066;0.53;95;11.5;12.5;"Pelagic";"Planktivor";3.5;201;52.5;0.29;0;0.36;0.074;2.31;NA;"m"
"61";"Fish";"OE";"Twielenfleth";"Autumn_21";"Elbe_Autumn_21";2021-11-18;"Flood";24;"OEAU21TWFL1";"OEAU21TW";"OEAU21TW";12.95;7.24;7.7;1034.5;0.52;92;11.2;13.5;"Pelagic";"Planktivor";3.5;223;83.06;1.359;3;1.463;0.127;5.646;NA;NA
"62";"Fish";"OE";"Twielenfleth";"Autumn_21";"Elbe_Autumn_21";2021-11-18;"Flood";24;"OEAU21TWFL3";"OEAU21TW";"OEAU21TW";12.95;7.24;7.7;1034.5;0.52;92;11.2;13.5;"Pelagic";"Planktivor";3.5;206;78.15;0.382;1;1.723;0.059;9.485;NA;NA
"63";"Fish";"OE";"Twielenfleth";"Autumn_21";"Elbe_Autumn_21";2021-11-18;"Flood";24;"OEAU21TWFL7";"OEAU21TW";"OEAU21TW";12.95;7.24;7.7;1034.5;0.52;92;11.2;13.5;"Pelagic";"Planktivor";3.5;182;47.04;0.212;0;0.638;0.072;3.278;NA;NA
"64";"Fish";"OE";"Muehlenberger Loch";"Autumn_21";"Elbe_Autumn_21";2021-11-17;"Ebb";22;"OEAU21MLEB1";"OEAU21ML";"OEAU21ML";11.75;7.25;7.7;901.5;0.45;91;11;15;"Pelagic";"Planktivor";3.5;205;55.94;0.277;2;1.0534;0.061;3.668;NA;"f"
"65";"Fish";"OE";"Muehlenberger Loch";"Autumn_21";"Elbe_Autumn_21";2021-11-17;"Ebb";22;"OEAU21MLEB3";"OEAU21ML";"OEAU21ML";11.75;7.25;7.7;901.5;0.45;91;11;15;"Pelagic";"Planktivor";3.5;175;35.68;0.198;1;0.213;0.043;1.632;NA;"f"
"66";"Fish";"OE";"Muehlenberger Loch";"Autumn_21";"Elbe_Autumn_21";2021-11-17;"Ebb";22;"OEAU21MLEB5";"OEAU21ML";"OEAU21ML";11.75;7.25;7.7;901.5;0.45;91;11;15;"Pelagic";"Planktivor";3.5;170;30;0.137;0;0.629;0.037;1.998;NA;"f"
"67";"Fish";"OE";"Muehlenberger Loch";"Autumn_21";"Elbe_Autumn_21";2021-11-17;"Ebb";22;"OEAU21MLEB7";"OEAU21ML";"OEAU21ML";11.75;7.25;7.7;901.5;0.45;91;11;15;"Pelagic";"Planktivor";3.5;175;35.73;0.192;0;0.646;0.0192;4.156;NA;"f"
"68";"Fish";"OE";"Muehlenberger Loch";"Autumn_21";"Elbe_Autumn_21";2021-11-17;"Flood";21;"OEAU21MLFL1";"OEAU21ML";"OEAU21ML";12.35;7.23;7.7;894;0.45;93;11.2;22.5;"Pelagic";"Planktivor";3.5;200;53.04;0.294;0;1.0395;0.0529;3.604;NA;"f"
"69";"Fish";"OE";"Muehlenberger Loch";"Autumn_21";"Elbe_Autumn_21";2021-11-17;"Flood";21;"OEAU21MLFL3";"OEAU21ML";"OEAU21ML";12.35;7.23;7.7;894;0.45;93;11.2;22.5;"Pelagic";"Planktivor";3.5;185;50.14;1.36;4;0.898;0.0321;2.73;NA;"f"
"70";"Fish";"OE";"Muehlenberger Loch";"Autumn_21";"Elbe_Autumn_21";2021-11-17;"Flood";21;"OEAU21MLFL7";"OEAU21ML";"OEAU21ML";12.35;7.23;7.7;894;0.45;93;11.2;22.5;"Pelagic";"Planktivor";3.5;173;32.8;0.1;0;0.57;0.034;2.175;NA;"f"
"71";"Fish";"OE";"Medem Grund";"Winter_22";"Elbe_Winter_22";2022-03-08;"Ebb";31;"OEWI22MGEB1";"OEWI22MG";"OEWI22MG";11.75;4.63;7.7;5557;9.58;87;10.8;12.5;"Pelagic";"Planktivor";3.5;228;53.69;0.1;0;0.63;0.0495;0.58;NA;NA
"72";"Fish";"OE";"Medem Grund";"Winter_22";"Elbe_Winter_22";2022-03-08;"Ebb";31;"OEWI22MGEB3";"OEWI22MG";"OEWI22MG";11.75;4.63;7.7;5557;9.58;87;10.8;12.5;"Pelagic";"Planktivor";3.5;211;51.8;0.1;0;0.41;0.0792;0.25;NA;NA
"73";"Fish";"OE";"Medem Grund";"Winter_22";"Elbe_Winter_22";2022-03-08;"Ebb";31;"OEWI22MGEB5";"OEWI22MG";"OEWI22MG";11.75;4.63;7.7;5557;9.58;87;10.8;12.5;"Pelagic";"Planktivor";3.5;208;46.68;0.1;0;0.89;0.1131;0.5;NA;NA
"74";"Fish";"OE";"Medem Grund";"Winter_22";"Elbe_Winter_22";2022-03-08;"Ebb";31;"OEWI22MGEB9";"OEWI22MG";"OEWI22MG";11.75;4.63;7.7;5557;9.58;87;10.8;12.5;"Pelagic";"Planktivor";3.5;188;34.7;0.1;0;0.26;0.1155;0.23;NA;NA
"75";"Fish";"OE";"Medem Grund";"Winter_22";"Elbe_Winter_22";2022-03-08;"Flood";32;"OEWI22MGFL1";"OEWI22MG";"OEWI22MG";12.35;4.89;7.8;5024;7.78;90;11.1;10;"Pelagic";"Planktivor";3.5;186;38.63;0.298;0;0.56;0.0645;0.17;NA;NA
"76";"Fish";"OE";"Medem Grund";"Winter_22";"Elbe_Winter_22";2022-03-08;"Flood";32;"OEWI22MGFL3";"OEWI22MG";"OEWI22MG";12.35;4.89;7.8;5024;7.78;90;11.1;10;"Pelagic";"Planktivor";3.5;178;34.78;0.151;0;0.44;0.0488;0.45;NA;NA
"77";"Fish";"OE";"Medem Grund";"Winter_22";"Elbe_Winter_22";2022-03-08;"Flood";32;"OEWI22MGFL7";"OEWI22MG";"OEWI22MG";12.35;4.89;7.8;5024;7.78;90;11.1;10;"Pelagic";"Planktivor";3.5;178;35.27;0.114;0;0.81;0.0256;6.72;NA;NA
"78";"Fish";"OE";"Brunsbuettel";"Winter_22";"Elbe_Winter_22";2022-03-09;"Ebb";33;"OEWI22BBEB1";"OEWI22BB";"OEWI22BB";12.5;4.66;7.6;2808;1.46;93;12;7;"Pelagic";"Planktivor";3.5;203;44.45;0.1;1;0.32;0.0574;0.19;NA;NA
"79";"Fish";"OE";"Brunsbuettel";"Winter_22";"Elbe_Winter_22";2022-03-09;"Ebb";33;"OEWI22BBEB4";"OEWI22BB";"OEWI22BB";12.5;4.66;7.6;2808;1.46;93;12;7;"Pelagic";"Planktivor";3.5;185;32.15;0.1;0;0.31;0.0607;0.14;NA;NA
"80";"Fish";"OE";"Brunsbuettel";"Winter_22";"Elbe_Winter_22";2022-03-09;"Ebb";33;"OEWI22BBEB5";"OEWI22BB";"OEWI22BB";12.5;4.66;7.6;2808;1.46;93;12;7;"Pelagic";"Planktivor";3.5;202;35.39;0.1;0;0.5;0.0644;0.39;NA;NA
"81";"Fish";"OE";"Brunsbuettel";"Winter_22";"Elbe_Winter_22";2022-03-09;"Ebb";33;"OEWI22BBEB7";"OEWI22BB";"OEWI22BB";12.5;4.66;7.6;2808;1.46;93;12;7;"Pelagic";"Planktivor";3.5;194;34.18;0.1;1;0.4765;0.046;0.4;NA;NA
"82";"Fish";"OE";"Brunsbuettel";"Winter_22";"Elbe_Winter_22";2022-03-09;"Flood";34;"OEWI22BBFL1";"OEWI22BB";"OEWI22BB";13.15;4.96;7.7;2245;1.16;93;11.9;10;"Pelagic";"Planktivor";3.5;192;38.63;0.1;1;0.48;0.0374;0.62;NA;NA
"83";"Fish";"OE";"Brunsbuettel";"Winter_22";"Elbe_Winter_22";2022-03-09;"Flood";34;"OEWI22BBFL3";"OEWI22BB";"OEWI22BB";13.15;4.96;7.7;2245;1.16;93;11.9;10;"Pelagic";"Planktivor";3.5;187;32.07;0.1;1;0.46;0.0438;0.4;NA;NA
"84";"Fish";"OE";"Brunsbuettel";"Winter_22";"Elbe_Winter_22";2022-03-09;"Flood";34;"OEWI22BBFL7";"OEWI22BB";"OEWI22BB";13.15;4.96;7.7;2245;1.16;93;11.9;10;"Pelagic";"Planktivor";3.5;179;26.71;0.1;0;0.21;0.0425;0.14;NA;NA
"85";"Fish";"OE";"Schwarztonnen Sand";"Winter_22";"Elbe_Winter_22";2022-03-10;"Ebb";35;"OEWI22SSEB1";"OEWI22SS";"OEWI22SS";13.7;4.85;7.4;876;0.44;83;10.8;16.5;"Pelagic";"Planktivor";3.5;218;48.27;0.321;0;0.38;0.0601;0.29;NA;NA
"86";"Fish";"OE";"Schwarztonnen Sand";"Winter_22";"Elbe_Winter_22";2022-03-10;"Ebb";35;"OEWI22SSEB5";"OEWI22SS";"OEWI22SS";13.7;4.85;7.4;876;0.44;83;10.8;16.5;"Pelagic";"Planktivor";3.5;198;33.88;0.232;0;0.65;0.0624;0.38;NA;NA
"87";"Fish";"OE";"Schwarztonnen Sand";"Winter_22";"Elbe_Winter_22";2022-03-10;"Ebb";35;"OEWI22SSEB7";"OEWI22SS";"OEWI22SS";13.7;4.85;7.4;876;0.44;83;10.8;16.5;"Pelagic";"Planktivor";3.5;194;32.22;0.067;0;0.24;0.0386;0.31;NA;NA
"88";"Fish";"OE";"Schwarztonnen Sand";"Winter_22";"Elbe_Winter_22";2022-03-10;"Ebb";35;"OEWI22SSEB9";"OEWI22SS";"OEWI22SS";13.7;4.85;7.4;876;0.44;83;10.8;16.5;"Pelagic";"Planktivor";3.5;178;29.22;0.059;0;0.3;0.0426;0.48;NA;NA
"89";"Fish";"OE";"Schwarztonnen Sand";"Winter_22";"Elbe_Winter_22";2022-03-10;"Flood";36;"OEWI22SSFL1";"OEWI22SS";"OEWI22SS";12.45;4.94;7.5;952.5;0.47;86;11.1;15;"Pelagic";"Planktivor";3.5;216;44.31;0.518;1;0.81;0.078;0.57;NA;NA
"90";"Fish";"OE";"Schwarztonnen Sand";"Winter_22";"Elbe_Winter_22";2022-03-10;"Flood";36;"OEWI22SSFL5";"OEWI22SS";"OEWI22SS";12.45;4.94;7.5;952.5;0.47;86;11.1;15;"Pelagic";"Planktivor";3.5;189;27.94;0.208;0;0.34;0.033;0.25;NA;NA
"91";"Fish";"OE";"Schwarztonnen Sand";"Winter_22";"Elbe_Winter_22";2022-03-10;"Flood";36;"OEWI22SSFL8";"OEWI22SS";"OEWI22SS";12.45;4.94;7.5;952.5;0.47;86;11.1;15;"Pelagic";"Planktivor";3.5;172;19.69;0.132;0;0.34;0.031;0.18;NA;NA
"92";"Fish";"OE";"Twielenfleth";"Winter_22";"Elbe_Winter_22";2022-03-11;"Flood";37;"OEWI22TWEB1";"OEWI22TW";"OEWI22TW";12.9;4.6;7.6;820;0.4;91.1;11.9;21;"Pelagic";"Planktivor";4.5;213;61.73;0.1;1;0.72;0.0902;1.28;NA;NA
"93";"Fish";"OE";"Twielenfleth";"Winter_22";"Elbe_Winter_22";2022-03-11;"Flood";37;"OEWI22TWEB2";"OEWI22TW";"OEWI22TW";12.9;4.6;7.6;820;0.4;91.1;11.9;21;"Pelagic";"Planktivor";5.5;206;38.23;0.1;1;0.56;0.0415;0.75;NA;NA
"94";"Fish";"OE";"Twielenfleth";"Winter_22";"Elbe_Winter_22";2022-03-11;"Flood";37;"OEWI22TWEB3";"OEWI22TW";"OEWI22TW";12.9;4.6;7.6;820;0.4;91.1;11.9;21;"Pelagic";"Planktivor";6.5;183;28.48;0.1;1;0.39;0.019;0.47;NA;NA
"95";"Fish";"OE";"Twielenfleth";"Winter_22";"Elbe_Winter_22";2022-03-11;"Flood";37;"OEWI22TWEB4";"OEWI22TW";"OEWI22TW";12.9;4.6;7.6;820;0.4;91.1;11.9;21;"Pelagic";"Planktivor";7.5;192;28.16;0.1;1;0.27;0.0834;0.58;NA;NA
"96";"Fish";"OE";"Twielenfleth";"Winter_22";"Elbe_Winter_22";2022-03-11;"Flood";37;"OEWI22TWEB5";"OEWI22TW";"OEWI22TW";12.9;4.6;7.6;820;0.4;91.1;11.9;21;"Pelagic";"Planktivor";8.5;170;27.47;0.1;0;0.34;0.039;0.24;NA;NA
"97";"Fish";"OE";"Twielenfleth";"Winter_22";"Elbe_Winter_22";2022-03-11;"Flood";37;"OEWI22TWEB7";"OEWI22TW";"OEWI22TW";12.9;4.6;7.6;820;0.4;91.1;11.9;21;"Pelagic";"Planktivor";9.5;189;36.99;0.1;0;0.28;0.0228;0.32;NA;NA
"98";"Fish";"OE";"Twielenfleth";"Winter_22";"Elbe_Winter_22";2022-03-11;"Flood";37;"OEWI22TWEB9";"OEWI22TW";"OEWI22TW";12.9;4.6;7.6;820;0.4;91.1;11.9;21;"Pelagic";"Planktivor";10.5;173;26.85;0.1;0;0.22;0.0749;0.33;NA;NA
"99";"Fish";"OE";"Muehlenberger Loch";"Winter_22";"Elbe_Winter_22";2022-03-12;"Ebb";40;"OEWI22MLEB1";"OEWI22ML";"OEWI22ML";11.95;5.51;7.8;674.5;0.33;106;13.4;27.5;"Pelagic";"Planktivor";3.5;214;47.31;0.1;1;0.65;0.0776;0.41;NA;NA
"100";"Fish";"OE";"Muehlenberger Loch";"Winter_22";"Elbe_Winter_22";2022-03-12;"Ebb";40;"OEWI22MLEB3";"OEWI22ML";"OEWI22ML";11.95;5.51;7.8;674.5;0.33;106;13.4;27.5;"Pelagic";"Planktivor";3.5;206;47.7;0.1;0;0.56;0.0668;0.37;NA;NA
"101";"Fish";"OE";"Muehlenberger Loch";"Winter_22";"Elbe_Winter_22";2022-03-12;"Ebb";40;"OEWI22MLEB7";"OEWI22ML";"OEWI22ML";11.95;5.51;7.8;674.5;0.33;106;13.4;27.5;"Pelagic";"Planktivor";3.5;194;36.74;0.1;0;0.36;0.0398;0.29;NA;NA
"102";"Fish";"OE";"Muehlenberger Loch";"Winter_22";"Elbe_Winter_22";2022-03-12;"Ebb";40;"OEWI22MLEB9";"OEWI22ML";"OEWI22ML";11.95;5.51;7.8;674.5;0.33;106;13.4;27.5;"Pelagic";"Planktivor";3.5;173;26.31;0.1;1;0.33;0.297;0.17;NA;NA
"103";"Fish";"OE";"Muehlenberger Loch";"Winter_22";"Elbe_Winter_22";2022-03-12;"Flood";39;"OEWI22MLFL1";"OEWI22ML";"OEWI22ML";12.05;4.57;7.9;843.5;0.42;102;13.2;20;"Pelagic";"Planktivor";3.5;211;49.78;0.1;0;0.4;0.1055;1.69;NA;NA
"104";"Fish";"OE";"Muehlenberger Loch";"Winter_22";"Elbe_Winter_22";2022-03-12;"Flood";39;"OEWI22MLFL5";"OEWI22ML";"OEWI22ML";12.05;4.57;7.9;843.5;0.42;102;13.2;20;"Pelagic";"Planktivor";3.5;180;33.22;2.462;4;0.3;0.053;0.2;NA;NA
"105";"Fish";"OE";"Muehlenberger Loch";"Winter_22";"Elbe_Winter_22";2022-03-12;"Flood";39;"OEWI22MLFL7";"OEWI22ML";"OEWI22ML";12.05;4.57;7.9;843.5;0.42;102;13.2;20;"Pelagic";"Planktivor";3.5;167;23.85;0.023;0;0.22;0.0443;0.17;NA;NA
"106";"Fish";"OE";"Medem Grund";"Spring_22";"Elbe_Spring_22";2022-05-31;"Ebb";41;"OESP22MGEB1";"OESP22MG";"OESP22MG";11.8;14.3;8;2014.5;12.14;76;7.2;26;"Pelagic";"Planktivor";3.5;187;41.48;0.2;0;0.37;0.0466;0;NA;NA
"107";"Fish";"OE";"Medem Grund";"Spring_22";"Elbe_Spring_22";2022-05-31;"Ebb";42;"OESP22MGEB3";"OESP22MG";"OESP22MG";11.8;14.3;8;2014.5;12.14;76;7.2;26;"Pelagic";"Planktivor";3.5;175;33.61;0.25;0;0.78;0.0256;0;NA;NA
"108";"Fish";"OE";"Medem Grund";"Spring_22";"Elbe_Spring_22";2022-05-31;"Ebb";42;"OESP22MGEB5";"OESP22MG";"OESP22MG";11.8;14.3;8;2014.5;12.14;76;7.2;26;"Pelagic";"Planktivor";3.5;178;30.25;0.17;0;0.55;0.0319;0;NA;NA
"109";"Fish";"OE";"Medem Grund";"Spring_22";"Elbe_Spring_22";2022-05-31;"Ebb";42;"OESP22MGEB7";"OESP22MG";"OESP22MG";11.8;14.3;8;2014.5;12.14;76;7.2;26;"Pelagic";"Planktivor";3.5;181;36.74;0.6;2;0.58;0.0459;0;NA;NA
"110";"Fish";"OE";"Medem Grund";"Spring_22";"Elbe_Spring_22";2022-05-31;"Flood";42;"OESP22MGFL1";"OESP22MG";"OESP22MG";12.7;14.56;8.1;1891.5;11.31;71;6.8;25;"Pelagic";"Planktivor";3.5;176;45.1;0.46;2;0.94;0.0228;0;NA;NA
"111";"Fish";"OE";"Medem Grund";"Spring_22";"Elbe_Spring_22";2022-05-31;"Flood";42;"OESP22MGFL3";"OESP22MG";"OESP22MG";12.7;14.56;8.1;1891.5;11.31;71;6.8;25;"Pelagic";"Planktivor";3.5;189;47.87;0.62;2;0.71;0.0771;0;NA;NA
"112";"Fish";"OE";"Medem Grund";"Spring_22";"Elbe_Spring_22";2022-05-31;"Flood";42;"OESP22MGFL5";"OESP22MG";"OESP22MG";12.7;14.56;8.1;1891.5;11.31;71;6.8;25;"Pelagic";"Planktivor";3.5;158;29.97;0.28;1;0.58;0.0432;0;NA;NA
"113";"Fish";"OE";"Brunsbuettel";"Spring_22";"Elbe_Spring_22";2022-06-01;"Ebb";43;"OESP22BBEB1";"OESP22BB";"OESP22BB";12.55;15.24;8;2853;4.31;70;6.9;26;"Pelagic";"Planktivor";3.5;190;45.75;1.632;3;0.458;0.091;0;NA;NA
"114";"Fish";"OE";"Brunsbuettel";"Spring_22";"Elbe_Spring_22";2022-06-01;"Ebb";43;"OESP22BBEB3";"OESP22BB";"OESP22BB";12.55;15.24;8;2853;4.31;70;6.9;26;"Pelagic";"Planktivor";3.5;185;37.49;0.701;2;0.521;0.109;0.059;NA;NA
"115";"Fish";"OE";"Brunsbuettel";"Spring_22";"Elbe_Spring_22";2022-06-01;"Ebb";43;"OESP22BBEB7";"OESP22BB";"OESP22BB";12.55;15.24;8;2853;4.31;70;6.9;26;"Pelagic";"Planktivor";3.5;184;39.08;0.749;2;0.47;0.081;0;NA;NA
"116";"Fish";"OE";"Brunsbuettel";"Spring_22";"Elbe_Spring_22";2022-06-01;"Ebb";43;"OESP22BBEB8";"OESP22BB";"OESP22BB";12.55;15.24;8;2853;4.31;70;6.9;26;"Pelagic";"Planktivor";3.5;188;51.94;0.361;1;0.784;0.07;0;NA;NA
"117";"Fish";"OE";"Brunsbuettel";"Spring_22";"Elbe_Spring_22";2022-06-01;"Flood";44;"OESP22BBFL2";"OESP22BB";"OESP22BB";13.2;15.52;7.9;5369.5;2.93;71;7;22;"Pelagic";"Planktivor";3.5;181;39.61;0.04;0;0.47;0.0355;0;NA;NA
"118";"Fish";"OE";"Brunsbuettel";"Spring_22";"Elbe_Spring_22";2022-06-01;"Flood";44;"OESP22BBFL3";"OESP22BB";"OESP22BB";13.2;15.52;7.9;5369.5;2.93;71;7;22;"Pelagic";"Planktivor";3.5;199;48.36;0.57;2;0.5;0.066;0;NA;NA
"119";"Fish";"OE";"Brunsbuettel";"Spring_22";"Elbe_Spring_22";2022-06-01;"Flood";44;"OESP22BBFL5";"OESP22BB";"OESP22BB";13.2;15.52;7.9;5369.5;2.93;71;7;22;"Pelagic";"Planktivor";3.5;164;23.79;0.31;1;0.25;0.0533;0;NA;NA
"120";"Fish";"OE";"Schwarztonnen Sand";"Spring_22";"Elbe_Spring_22";2022-06-02;"Ebb";45;"OESP22SSEB1";"OESP22SS";"OESP22SS";13.95;16;7.6;1601.5;0.82;86;8.5;21.5;"Pelagic";"Planktivor";3.5;221;67.22;1.33;3;1.12;0.0833;0;NA;NA
"121";"Fish";"OE";"Schwarztonnen Sand";"Spring_22";"Elbe_Spring_22";2022-06-02;"Ebb";45;"OESP22SSEB2";"OESP22SS";"OESP22SS";13.95;16;7.6;1601.5;0.82;86;8.5;21.5;"Pelagic";"Planktivor";3.5;195;48.4;0.02;0;0.55;0.0883;0;NA;NA
"122";"Fish";"OE";"Schwarztonnen Sand";"Spring_22";"Elbe_Spring_22";2022-06-02;"Ebb";45;"OESP22SSEB3";"OESP22SS";"OESP22SS";13.95;16;7.6;1601.5;0.82;86;8.5;21.5;"Pelagic";"Planktivor";3.5;176;34.96;0.72;2;0.38;0.0659;0;NA;NA
"123";"Fish";"OE";"Schwarztonnen Sand";"Spring_22";"Elbe_Spring_22";2022-06-02;"Ebb";45;"OESP22SSEB4";"OESP22SS";"OESP22SS";13.95;16;7.6;1601.5;0.82;86;8.5;21.5;"Pelagic";"Planktivor";3.5;180;37.44;0.16;0;0.41;0.0312;0;NA;NA
"124";"Fish";"OE";"Schwarztonnen Sand";"Spring_22";"Elbe_Spring_22";2022-06-02;"Flood";46;"OESP22SSFL1";"OESP22SS";"OESP22SS";13.4;16.28;7.7;1315;0.67;85;8.4;15;"Pelagic";"Planktivor";3.5;191;43.44;0.17;0;0.56;0.0495;0;NA;NA
"125";"Fish";"OE";"Schwarztonnen Sand";"Spring_22";"Elbe_Spring_22";2022-06-02;"Flood";46;"OESP22SSFL3";"OESP22SS";"OESP22SS";13.4;16.28;7.7;1315;0.67;85;8.4;15;"Pelagic";"Planktivor";3.5;176;36.22;0.1;0;0.26;0.0289;0;NA;NA
"126";"Fish";"OE";"Schwarztonnen Sand";"Spring_22";"Elbe_Spring_22";2022-06-02;"Flood";46;"OESP22SSFL5";"OESP22SS";"OESP22SS";13.4;16.28;7.7;1315;0.67;85;8.4;15;"Pelagic";"Planktivor";3.5;180;39.98;0.05;0;0.11;0.0049;0;NA;NA
"127";"Fish";"OE";"Twielenfleth";"Spring_22";"Elbe_Spring_22";2022-06-02;"Ebb";47;"OESP22TWEB1";"OESP22TW";"OESP22TW";13.25;16.62;7.5;953.5;0.47;74;7.3;16.5;"Pelagic";"Planktivor";3.5;165;28.75;0.11;0;0.24;0.0244;0;NA;NA
"128";"Fish";"OE";"Twielenfleth";"Spring_22";"Elbe_Spring_22";2022-06-02;"Ebb";47;"OESP22TWEB2";"OESP22TW";"OESP22TW";13.25;16.62;7.5;953.5;0.47;74;7.3;16.5;"Pelagic";"Planktivor";3.5;116;10.97;0.22;1;0.07;0.0103;0;NA;NA
"129";"Fish";"OE";"Twielenfleth";"Spring_22";"Elbe_Spring_22";2022-06-02;"Ebb";47;"OESP22TWEB5";"OESP22TW";"OESP22TW";13.25;16.62;7.5;953.5;0.47;74;7.3;16.5;"Pelagic";"Planktivor";3.5;115;11.01;0.28;1;0.13;0.0068;0;NA;NA
"130";"Fish";"OE";"Twielenfleth";"Spring_22";"Elbe_Spring_22";2022-06-02;"Ebb";47;"OESP22TWFL1";"OESP22TW";"OESP22TW";12.1;16.97;7.6;910.5;0.46;70;6.8;12.5;"Pelagic";"Planktivor";3.5;185;37.71;0.17;0;0.49;0.0495;0;NA;NA
"131";"Fish";"OE";"Twielenfleth";"Spring_22";"Elbe_Spring_22";2022-06-02;"Ebb";47;"OESP22TWFL3";"OESP22TW";"OESP22TW";12.1;16.97;7.6;910.5;0.46;70;6.8;12.5;"Pelagic";"Planktivor";3.5;159;22.5;0.18;1;0.21;0.0289;0;NA;NA
"132";"Fish";"OE";"Twielenfleth";"Spring_22";"Elbe_Spring_22";2022-06-02;"Ebb";47;"OESP22TWFL5";"OESP22TW";"OESP22TW";12.1;16.97;7.6;910.5;0.46;70;6.8;12.5;"Pelagic";"Planktivor";3.5;133;15.19;0.13;0;0.14;0.0133;0;NA;NA
"133";"Fish";"OE";"Twielenfleth";"Spring_22";"Elbe_Spring_22";2022-06-02;"Ebb";47;"OESP22TWFL7";"OESP22TW";"OESP22TW";12.1;16.97;7.6;910.5;0.46;70;6.8;12.5;"Pelagic";"Planktivor";3.5;117;8.99;0.05;0;0.07;0.0049;0;NA;NA
"134";"Fish";"OE";"Muehlenberger Loch";"Spring_22";"Elbe_Spring_22";2022-06-04;"Ebb";50;"OESP22MLEB1";"OESP22ML";"OESP22ML";12.85;16.99;7.6;892;0.44;59;5.8;13.5;"Pelagic";"Planktivor";3.5;222;59;0.47;1;0.91;0.0878;0.22;NA;"f"
"135";"Fish";"OE";"Muehlenberger Loch";"Spring_22";"Elbe_Spring_22";2022-06-04;"Ebb";50;"OESP22MLEB2";"OESP22ML";"OESP22ML";12.85;16.99;7.6;892;0.44;59;5.8;13.5;"Pelagic";"Planktivor";3.5;192;44;0.55;1;0.64;0.0608;0;NA;NA
"136";"Fish";"OE";"Muehlenberger Loch";"Spring_22";"Elbe_Spring_22";2022-06-04;"Ebb";50;"OESP22MLEB3";"OESP22ML";"OESP22ML";12.85;16.99;7.6;892;0.44;59;5.8;13.5;"Pelagic";"Planktivor";3.5;170;28.52;0.36;1;0.39;0.046;0;NA;NA
"137";"Fish";"OE";"Muehlenberger Loch";"Spring_22";"Elbe_Spring_22";2022-06-04;"Flood";49;"OESP22MLFL1";"OESP22ML";"OESP22ML";12.45;16.79;7.4;899.5;0.45;59;5.8;16;"Pelagic";"Planktivor";3.5;178;37.12;0.1754;2;0.09;0.0049;0;NA;NA
"138";"Fish";"OE";"Muehlenberger Loch";"Spring_22";"Elbe_Spring_22";2022-06-04;"Flood";49;"OESP22MLFL2";"OESP22ML";"OESP22ML";12.45;16.79;7.4;899.5;0.45;59;5.8;16;"Pelagic";"Planktivor";3.5;176;32.55;0.1529;2;0.09;0.0045;0;NA;NA
"139";"Fish";"OE";"Muehlenberger Loch";"Spring_22";"Elbe_Spring_22";2022-06-04;"Flood";49;"OESP22MLFL3";"OESP22ML";"OESP22ML";12.45;16.79;7.4;899.5;0.45;59;5.8;16;"Pelagic";"Planktivor";3.5;172;34.43;0.2252;2;0.08;0.0093;0;NA;NA
"140";"Fish";"OE";"Muehlenberger Loch";"Spring_22";"Elbe_Spring_22";2022-06-04;"Flood";49;"OESP22MLFL4";"OESP22ML";"OESP22ML";12.45;16.79;7.4;899.5;0.45;59;5.8;16;"Pelagic";"Planktivor";3.5;160;26.04;0.2252;2;0.1;0.0093;0;NA;NA
"141";"Fish";"GC";"Brunsbuettel";"Summer_21";"Elbe_Summer_21";2021-08-26;"Ebb";13;"GCSU21BBEB1";"GCSU21BB";"GCSU21BB";12.8;17.75;7.9;7023.5;3.88;94;8.7;22.5;"benthopelagic";"invertivor";3.3;180;82.03;0.71;2;1.04;0.121;1.01;3;"f"
"142";"Fish";"GC";"Brunsbuettel";"Summer_21";"Elbe_Summer_21";2021-08-26;"Ebb";13;"GCSU21BBEB2";"GCSU21BB";"GCSU21BB";12.8;17.75;7.9;7023.5;3.88;94;8.7;22.5;"benthopelagic";"invertivor";3.3;189;85;0.13;2;0.96;0.126;0.78;3;"f"
"143";"Fish";"GC";"Brunsbuettel";"Summer_21";"Elbe_Summer_21";2021-08-26;"Ebb";13;"GCSU21BBEB3";"GCSU21BB";"GCSU21BB";12.8;17.75;7.9;7023.5;3.88;94;8.7;22.5;"benthopelagic";"invertivor";3.3;186;81.42;0.46;2;1.1;0.094;0.91;3;"f"
"144";"Fish";"GC";"Brunsbuettel";"Summer_21";"Elbe_Summer_21";2021-08-26;"Ebb";13;"GCSU21BBEB4";"GCSU21BB";"GCSU21BB";12.8;17.75;7.9;7023.5;3.88;94;8.7;22.5;"benthopelagic";"invertivor";3.3;190;74.9;0.32;1;0.88;0.074;0.73;3;"f"
"145";"Fish";"GC";"Brunsbuettel";"Summer_21";"Elbe_Summer_21";2021-08-26;"Ebb";13;"GCSU21BBEB5";"GCSU21BB";"GCSU21BB";12.8;17.75;7.9;7023.5;3.88;94;8.7;22.5;"benthopelagic";"invertivor";3.3;173;62.05;0.19;1;0.8;0.114;0.75;3;"f"
"146";"Fish";"GC";"Brunsbuettel";"Summer_21";"Elbe_Summer_21";2021-08-26;"Ebb";13;"GCSU21BBEB6";"GCSU21BB";"GCSU21BB";12.8;17.75;7.9;7023.5;3.88;94;8.7;22.5;"benthopelagic";"invertivor";3.3;NA;NA;NA;NA;NA;NA;NA;NA;NA
"147";"Fish";"GC";"Brunsbuettel";"Summer_21";"Elbe_Summer_21";2021-08-26;"Ebb";13;"GCSU21BBEB8";"GCSU21BB";"GCSU21BB";12.8;17.75;7.9;7023.5;3.88;94;8.7;22.5;"benthopelagic";"invertivor";3.3;NA;NA;NA;NA;NA;NA;NA;NA;NA
"148";"Fish";"GC";"Brunsbuettel";"Summer_21";"Elbe_Summer_21";2021-08-26;"Flood";14;"GCSU21BBFL2";"GCSU21BB";"GCSU21BB";14.6;17.89;7.8;5495;3.03;94;8.7;22.5;"benthopelagic";"invertivor";3.3;190;92.43;0.19;2;0.79;0.095;0.73;5;"f"
"149";"Fish";"GC";"Brunsbuettel";"Summer_21";"Elbe_Summer_21";2021-08-26;"Flood";14;"GCSU21BBFL3";"GCSU21BB";"GCSU21BB";14.6;17.89;7.8;5495;3.03;94;8.7;22.5;"benthopelagic";"invertivor";3.3;167;49.6;0.73;2;0.82;0.059;0.14;3;"m"
"150";"Fish";"GC";"Schwarztonnen Sand";"Summer_21";"Elbe_Summer_21";2021-08-27;"Ebb";15;"GCSU21SSEB1";"GCSU21SS";"GCSU21SS";13.85;17.51;7.7;1321.5;0.76;85;8.1;15;"benthopelagic";"invertivor";3.3;175;73.5;1.9;4;0.63;0.0539;0.81;2;"f"
"151";"Fish";"GC";"Schwarztonnen Sand";"Summer_21";"Elbe_Summer_21";2021-08-27;"Ebb";15;"GCSU21SSEB2";"GCSU21SS";"GCSU21SS";13.85;17.51;7.7;1321.5;0.76;85;8.1;15;"benthopelagic";"invertivor";3.3;203;104.1;0.39;1;1.16;0.0611;1.01;3;"f"
"152";"Fish";"GC";"Schwarztonnen Sand";"Summer_21";"Elbe_Summer_21";2021-08-27;"Ebb";15;"GCSU21SSEB3";"GCSU21SS";"GCSU21SS";13.85;17.51;7.7;1321.5;0.76;85;8.1;15;"benthopelagic";"invertivor";3.3;163;52.3;0.15;0;0.39;0.0532;0.32;2;"m"
"153";"Fish";"GC";"Schwarztonnen Sand";"Summer_21";"Elbe_Summer_21";2021-08-27;"Ebb";15;"GCSU21SSEB4";"GCSU21SS";"GCSU21SS";13.85;17.51;7.7;1321.5;0.76;85;8.1;15;"benthopelagic";"invertivor";3.3;172;60.5;0.18;1;0.82;0.0628;1.68;3;"f"
"154";"Fish";"GC";"Schwarztonnen Sand";"Summer_21";"Elbe_Summer_21";2021-08-27;"Ebb";15;"GCSU21SSEB8";"GCSU21SS";"GCSU21SS";13.85;17.51;7.7;1321.5;0.76;85;8.1;15;"benthopelagic";"invertivor";3.3;160;55.1;0.44;1;0.63;0.03;0.45;2;"m"
"155";"Fish";"GC";"Schwarztonnen Sand";"Summer_21";"Elbe_Summer_21";2021-08-27;"Flood";16;"GCSU21SSFL1";"GCSU21SS";"GCSU21SS";12.65;17.56;7.8;1239.5;0.62;84;8;15;"benthopelagic";"invertivor";3.3;212;131.6;1.39;4;1.44;0.163;1.94;3;"m"
"156";"Fish";"GC";"Schwarztonnen Sand";"Summer_21";"Elbe_Summer_21";2021-08-27;"Flood";16;"GCSU21SSFL3";"GCSU21SS";"GCSU21SS";12.65;17.56;7.8;1239.5;0.62;84;8;15;"benthopelagic";"invertivor";3.3;187;84.4;0.44;2;1.33;0.0674;1;3;"m"
"157";"Fish";"GC";"Twielenfleth";"Summer_21";"Elbe_Summer_21";2021-08-28;"Ebb";18;"GCSU21TWEB1";"GCSU21TW";"GCSU21TW";14.1;17.5;7.7;1008.5;0.5;84;7.8;17.5;"benthopelagic";"invertivor";3.3;82;7.25;0.14;3;0.06;0.005;0.03;0;"j"
"158";"Fish";"GC";"Twielenfleth";"Summer_21";"Elbe_Summer_21";2021-08-28;"Ebb";18;"GCSU21TWEB2";"GCSU21TW";"GCSU21TW";14.1;17.5;7.7;1008.5;0.5;84;7.8;17.5;"benthopelagic";"invertivor";3.3;73;4.48;0.02;0;0.05;0.002;0.02;0;"j"
"159";"Fish";"GC";"Twielenfleth";"Summer_21";"Elbe_Summer_21";2021-08-28;"Ebb";18;"GCSU21TWEB3";"GCSU21TW";"GCSU21TW";14.1;17.5;7.7;1008.5;0.5;84;7.8;17.5;"benthopelagic";"invertivor";3.3;79;5.53;0.04;1;0.06;0.005;0.02;0;"j"
"160";"Fish";"GC";"Twielenfleth";"Summer_21";"Elbe_Summer_21";2021-08-28;"Ebb";18;"GCSU21TWEB4";"GCSU21TW";"GCSU21TW";14.1;17.5;7.7;1008.5;0.5;84;7.8;17.5;"benthopelagic";"invertivor";3.3;70;3.45;0.02;0;0.02;0;0.01;0;"j"
"161";"Fish";"GC";"Twielenfleth";"Summer_21";"Elbe_Summer_21";2021-08-28;"Flood";17;"GCSU21TWFL1";"GCSU21TW";"GCSU21TW";13.2;17.5;7.6;979;0.5;78;7.5;15;"benthopelagic";"invertivor";3.3;147;49.39;0.38;3;0.41;0.083;0.31;2;"f"
"162";"Fish";"GC";"Twielenfleth";"Summer_21";"Elbe_Summer_21";2021-08-28;"Flood";17;"GCSU21TWFL2";"GCSU21TW";"GCSU21TW";13.2;17.5;7.6;979;0.5;78;7.5;15;"benthopelagic";"invertivor";3.3;123;30.82;0.75;4;0.33;0.011;0.31;1;"f"
"163";"Fish";"GC";"Twielenfleth";"Summer_21";"Elbe_Summer_21";2021-08-28;"Flood";17;"GCSU21TWFL3";"GCSU21TW";"GCSU21TW";13.2;17.5;7.6;979;0.5;78;7.5;15;"benthopelagic";"invertivor";3.3;83;6.99;0.11;0;0.07;0;0;0;"j"
"164";"Fish";"GC";"Muehlenberger Loch";"Summer_21";"Elbe_Summer_21";2021-08-29;"Ebb";20;"GCSU21MLEB1";"GCSU21ML";"GCSU21ML";12.45;17.36;7.6;928.5;0.46;52;5;30;"benthopelagic";"invertivor";3.3;153;50.2;0.52;3;0.6;0.0384;1.04;2;"f"
"165";"Fish";"GC";"Muehlenberger Loch";"Summer_21";"Elbe_Summer_21";2021-08-29;"Ebb";20;"GCSU21MLEB2";"GCSU21ML";"GCSU21ML";12.45;17.36;7.6;928.5;0.46;52;5;30;"benthopelagic";"invertivor";3.3;97;12.6;0.06;0;0.14;0.0093;0.04;0;"j"
"166";"Fish";"GC";"Muehlenberger Loch";"Summer_21";"Elbe_Summer_21";2021-08-29;"Ebb";20;"GCSU21MLEB3";"GCSU21ML";"GCSU21ML";12.45;17.36;7.6;928.5;0.46;52;5;30;"benthopelagic";"invertivor";3.3;91;9.8;0.17;4;0.13;0.0044;0.06;0;"j"
"167";"Fish";"GC";"Muehlenberger Loch";"Summer_21";"Elbe_Summer_21";2021-08-29;"Ebb";20;"GCSU21MLEB5";"GCSU21ML";"GCSU21ML";12.45;17.36;7.6;928.5;0.46;52;5;30;"benthopelagic";"invertivor";3.3;84;7.2;0.19;4;0.09;0;0;0;"j"
"168";"Fish";"GC";"Muehlenberger Loch";"Summer_21";"Elbe_Summer_21";2021-08-29;"Ebb";20;"GCSU21MLEB6";"GCSU21ML";"GCSU21ML";12.45;17.36;7.6;928.5;0.46;52;5;30;"benthopelagic";"invertivor";3.3;80;5.6;0.05;1;0.07;0.0055;0.02;0;"j"
"169";"Fish";"GC";"Muehlenberger Loch";"Summer_21";"Elbe_Summer_21";2021-08-29;"Flood";19;"GCSU21MLFL1";"GCSU21ML";"GCSU21ML";10.9;17.35;7.5;932;0.47;48;4.6;12.5;"benthopelagic";"invertivor";3.3;206;119.8;1.62;3;1.24;0.096;1.34;4;"f"
"170";"Fish";"GC";"Muehlenberger Loch";"Summer_21";"Elbe_Summer_21";2021-08-29;"Flood";19;"GCSU21MLFL2";"GCSU21ML";"GCSU21ML";10.9;17.35;7.5;932;0.47;48;4.6;12.5;"benthopelagic";"invertivor";3.3;154;52.3;0.81;3;0.55;0.036;0.74;2;"f"
"171";"Fish";"GC";"Muehlenberger Loch";"Summer_21";"Elbe_Summer_21";2021-08-29;"Flood";19;"GCSU21MLFL3";"GCSU21ML";"GCSU21ML";10.9;17.35;7.5;932;0.47;48;4.6;12.5;"benthopelagic";"invertivor";3.3;154;54.4;0.8;3;0.79;0.0423;0.6;2;"f"
"172";"Fish";"GC";"Muehlenberger Loch";"Summer_21";"Elbe_Summer_21";2021-08-29;"Flood";19;"GCSU21MLFL6";"GCSU21ML";"GCSU21ML";10.9;17.35;7.5;932;0.47;48;4.6;12.5;"benthopelagic";"invertivor";3.3;142;38.5;0.51;2;0.42;0.0145;0.52;1;"f"
"173";"Fish";"GC";"Brunsbuettel";"Autumn_21";"Elbe_Autumn_21";2021-11-20;"Ebb";27;"GCAU21BBEB1";"GCAU21BB";"GCAU21BB";12.7;8.66;8;6138;3.4;103;12.2;20;"benthopelagic";"invertivor";3.3;203;125.25;1.63;4;1.75;0.203;7.97;4;"f"
"174";"Fish";"GC";"Brunsbuettel";"Autumn_21";"Elbe_Autumn_21";2021-11-20;"Ebb";27;"GCAU21BBEB2";"GCAU21BB";"GCAU21BB";12.7;8.66;8;6138;3.4;103;12.2;20;"benthopelagic";"invertivor";3.3;185;77.51;0.16;0;0.78;0.072;1.81;3;"f"
"175";"Fish";"GC";"Brunsbuettel";"Autumn_21";"Elbe_Autumn_21";2021-11-20;"Ebb";27;"GCAU21BBEB3";"GCAU21BB";"GCAU21BB";12.7;8.66;8;6138;3.4;103;12.2;20;"benthopelagic";"invertivor";3.3;113;17.07;0.05;0;0.23;0;1.32;0;"m"
"176";"Fish";"GC";"Brunsbuettel";"Autumn_21";"Elbe_Autumn_21";2021-11-20;"Flood";28;"GCAU21BBFL1";"GCAU21BB";"GCAU21BB";13.85;8.66;8;5336.5;2.96;105;12.1;13.5;"benthopelagic";"invertivor";3.3;185;87.94;1.22;0;1.01;0.076;4.08;3;"f"
"177";"Fish";"GC";"Brunsbuettel";"Autumn_21";"Elbe_Autumn_21";2021-11-20;"Flood";28;"GCAU21BBFL2";"GCAU21BB";"GCAU21BB";13.85;8.66;8;5336.5;2.96;105;12.1;13.5;"benthopelagic";"invertivor";3.3;139;35.41;0.2;0;0.67;0.027;1.57;1;"f"
"178";"Fish";"GC";"Brunsbuettel";"Autumn_21";"Elbe_Autumn_21";2021-11-20;"Flood";28;"GCAU21BBFL3";"GCAU21BB";"GCAU21BB";13.85;8.66;8;5336.5;2.96;105;12.1;13.5;"benthopelagic";"invertivor";3.3;114;19.06;0.06;0;0.21;0.013;1.19;0;"m"
"179";"Fish";"GC";"Brunsbuettel";"Autumn_21";"Elbe_Autumn_21";2021-11-20;"Flood";28;"GCAU21BBFL4";"GCAU21BB";"GCAU21BB";13.85;8.66;8;5336.5;2.96;105;12.1;13.5;"benthopelagic";"invertivor";3.3;105;15.33;0.06;0;0.11;0.007;0.6;0;"m"
"180";"Fish";"GC";"Schwarztonnen Sand";"Autumn_21";"Elbe_Autumn_21";2021-11-19;"Ebb";25;"GCAU21SSEB1";"GCAU21SS";"GCAU21SS";12.35;7.79;7.9;1361.5;0.69;91;10.9;10;"benthopelagic";"invertivor";3.3;157;55.04;1.43;4;0.5;0.043;4.36;2;"m"
"181";"Fish";"GC";"Schwarztonnen Sand";"Autumn_21";"Elbe_Autumn_21";2021-11-19;"Ebb";25;"GCAU21SSEB3";"GCAU21SS";"GCAU21SS";12.35;7.79;7.9;1361.5;0.69;91;10.9;10;"benthopelagic";"invertivor";3.3;135;29.79;0.18;0;0.2;0.025;2.02;1;"m"
"182";"Fish";"GC";"Schwarztonnen Sand";"Autumn_21";"Elbe_Autumn_21";2021-11-19;"Ebb";25;"GCAU21SSEB5";"GCAU21SS";"GCAU21SS";12.35;7.79;7.9;1361.5;0.69;91;10.9;10;"benthopelagic";"invertivor";3.3;119;20.61;0.28;3;0.25;0.023;0.58;0;"m"
"183";"Fish";"GC";"Schwarztonnen Sand";"Autumn_21";"Elbe_Autumn_21";2021-11-19;"Ebb";25;"GCAU21SSEB7";"GCAU21SS";"GCAU21SS";12.35;7.79;7.9;1361.5;0.69;91;10.9;10;"benthopelagic";"invertivor";3.3;113;16.06;0.09;1;0.21;0;0.38;0;"m"
"184";"Fish";"GC";"Schwarztonnen Sand";"Autumn_21";"Elbe_Autumn_21";2021-11-19;"Flood";26;"GCAU21SSFL1";"GCAU21SS";"GCAU21SS";13.35;7.81;7.9;1303.5;0.66;90;10.8;10;"benthopelagic";"invertivor";3.3;177;56.64;1.38;0;0.67;0.103;2.07;2;"f"
"185";"Fish";"GC";"Schwarztonnen Sand";"Autumn_21";"Elbe_Autumn_21";2021-11-19;"Flood";26;"GCAU21SSFL3";"GCAU21SS";"GCAU21SS";13.35;7.81;7.9;1303.5;0.66;90;10.8;10;"benthopelagic";"invertivor";3.3;171;64.1;0.36;3;0.48;0.053;3.11;2;"f"
"186";"Fish";"GC";"Schwarztonnen Sand";"Autumn_21";"Elbe_Autumn_21";2021-11-19;"Flood";26;"GCAU21SSFL5";"GCAU21SS";"GCAU21SS";13.35;7.81;7.9;1303.5;0.66;90;10.8;10;"benthopelagic";"invertivor";3.3;155;46.5;0.68;3;0.55;0.0418;2.54;2;"f"
"187";"Fish";"GC";"Twielenfleth";"Autumn_21";"Elbe_Autumn_21";2021-11-18;"Ebb";23;"GCAU21TWEB1";"GCAU21TW";"GCAU21TW";12.8;7.44;7.8;1066;0.53;95;11.5;12.5;"benthopelagic";"invertivor";3.3;104;18.52;0.1;3;0.55;0.015;0.68;0;"j"
"188";"Fish";"GC";"Twielenfleth";"Autumn_21";"Elbe_Autumn_21";2021-11-18;"Flood";24;"GCAU21TWFL1";"GCAU21TW";"GCAU21TW";12.95;7.24;7.7;1034.5;0.52;92;11.2;13.5;"benthopelagic";"invertivor";3.3;70;3.84;0.1;0;0.07;0;0;0;"j"
"189";"Fish";"GC";"Twielenfleth";"Autumn_21";"Elbe_Autumn_21";2021-11-18;"Flood";24;"GCAU21TWFL2";"GCAU21TW";"GCAU21TW";12.95;7.24;7.7;1034.5;0.52;92;11.2;13.5;"benthopelagic";"invertivor";3.3;111;16.38;0.07;0;0.2;0.013;1.25;0;"f"
"190";"Fish";"GC";"Muehlenberger Loch";"Autumn_21";"Elbe_Autumn_21";2021-11-17;"Ebb";22;"GCAU21MLEB1";"GCAU21ML";"GCAU21ML";11.75;7.25;7.7;901.5;0.45;91;11;15;"benthopelagic";"invertivor";3.3;121;26.4;0.83;3;0.57;0.0203;0.74;0;"f"
"191";"Fish";"GC";"Muehlenberger Loch";"Autumn_21";"Elbe_Autumn_21";2021-11-17;"Ebb";22;"GCAU21MLEB2";"GCAU21ML";"GCAU21ML";11.75;7.25;7.7;901.5;0.45;91;11;15;"benthopelagic";"invertivor";3.3;110;17.9;0.09;0;0.34;0.0279;0.61;0;"m"
"192";"Fish";"GC";"Muehlenberger Loch";"Autumn_21";"Elbe_Autumn_21";2021-11-17;"Ebb";22;"GCAU21MLEB3";"GCAU21ML";"GCAU21ML";11.75;7.25;7.7;901.5;0.45;91;11;15;"benthopelagic";"invertivor";3.3;107;15.1;0.15;1;0.32;0.0117;0.12;0;"j"
"193";"Fish";"GC";"Muehlenberger Loch";"Autumn_21";"Elbe_Autumn_21";2021-11-17;"Flood";21;"GCAU21MLFL1";"GCAU21ML";"GCAU21ML";12.35;7.23;7.7;894;0.45;93;11.2;22.5;"benthopelagic";"invertivor";3.3;115;21.3;0.56;4;0.28;0.0226;0;0;"m"
"194";"Fish";"GC";"Muehlenberger Loch";"Autumn_21";"Elbe_Autumn_21";2021-11-17;"Flood";21;"GCAU21MLFL3";"GCAU21ML";"GCAU21ML";12.35;7.23;7.7;894;0.45;93;11.2;22.5;"benthopelagic";"invertivor";3.3;107;15.9;0.19;0;0.3;0.0153;0.67;0;"f"
"195";"Fish";"GC";"Muehlenberger Loch";"Autumn_21";"Elbe_Autumn_21";2021-11-17;"Flood";21;"GCAU21MLFL5";"GCAU21ML";"GCAU21ML";12.35;7.23;7.7;894;0.45;93;11.2;22.5;"benthopelagic";"invertivor";3.3;111;19.7;0.09;0;0.37;0.0241;1.48;0;"m"
"196";"Fish";"GC";"Muehlenberger Loch";"Autumn_21";"Elbe_Autumn_21";2021-11-17;"Flood";21;"GCAU21MLFL7";"GCAU21ML";"GCAU21ML";12.35;7.23;7.7;894;0.45;93;11.2;22.5;"benthopelagic";"invertivor";3.3;107;15.9;0.14;0;0.33;0.014;0.46;0;"m"
"197";"Fish";"GC";"Brunsbuettel";"Winter_22";"Elbe_Winter_22";2022-03-09;"Ebb";33;"GCWI22BBEB1";"GCWI22BB";"GCWI22BB";12.5;4.66;7.6;2808;1.46;93;12;7;"benthopelagic";"invertivor";3.3;77;7.02;0.09;0;0.08;0;0;0;"j"
"198";"Fish";"GC";"Brunsbuettel";"Winter_22";"Elbe_Winter_22";2022-03-09;"Flood";34;"GCWI22BBFL1";"GCWI22BB";"GCWI22BB";13.15;4.96;7.7;2245;1.16;93;11.9;10;"benthopelagic";"invertivor";3.3;118;24.07;0.2;1;0.59;0.007;2.52;0;"f"
"199";"Fish";"GC";"Brunsbuettel";"Winter_22";"Elbe_Winter_22";2022-03-09;"Flood";34;"GCWI22BBFL2";"GCWI22BB";"GCWI22BB";13.15;4.96;7.7;2245;1.16;93;11.9;10;"benthopelagic";"invertivor";3.3;98;10.96;0.03;0;0.1;0.005;0;0;"j"
"200";"Fish";"GC";"Schwarztonnen Sand";"Winter_22";"Elbe_Winter_22";2022-03-10;"Ebb";35;"GCWI22SSEB1";"GCWI22SS";"GCWI22SS";13.7;4.85;7.4;876;0.44;83;10.8;16.5;"benthopelagic";"invertivor";3.3;180;68.84;2.98;4;1.45;0.072;7.53;3;"f"
"201";"Fish";"GC";"Schwarztonnen Sand";"Winter_22";"Elbe_Winter_22";2022-03-10;"Ebb";35;"GCWI22SSEB2";"GCWI22SS";"GCWI22SS";13.7;4.85;7.4;876;0.44;83;10.8;16.5;"benthopelagic";"invertivor";3.3;140;30;0.11;2;0.63;0.029;2.32;1;"f"
"202";"Fish";"GC";"Schwarztonnen Sand";"Winter_22";"Elbe_Winter_22";2022-03-10;"Ebb";35;"GCWI22SSEB3";"GCWI22SS";"GCWI22SS";13.7;4.85;7.4;876;0.44;83;10.8;16.5;"benthopelagic";"invertivor";3.3;86;4.71;0.03;0;0.06;0;0.05;0;"m"
"203";"Fish";"GC";"Schwarztonnen Sand";"Winter_22";"Elbe_Winter_22";2022-03-10;"Flood";36;"GCWI22SSFL1";"GCWI22SS";"GCWI22SS";12.45;4.94;7.5;952.5;0.47;86;11.1;15;"benthopelagic";"invertivor";3.3;88;4.86;0.03;0;0.06;0.005;0.02;0;"j"
"204";"Fish";"GC";"Schwarztonnen Sand";"Winter_22";"Elbe_Winter_22";2022-03-10;"Flood";36;"GCWI22SSFL2";"GCWI22SS";"GCWI22SS";12.45;4.94;7.5;952.5;0.47;86;11.1;15;"benthopelagic";"invertivor";3.3;78;4.05;0.03;0;0.05;0.003;0.04;0;"j"
"205";"Fish";"GC";"Muehlenberger Loch";"Winter_22";"Elbe_Winter_22";2022-03-12;"Ebb";40;"GCWI22MLEB1";"GCWI22ML";"GCWI22ML";11.95;5.51;7.8;674.5;0.33;106;13.4;27.5;"benthopelagic";"invertivor";3.3;172;72.9;0.49;4;0.79;0.05;3.74;3;"m"
"206";"Fish";"GC";"Muehlenberger Loch";"Winter_22";"Elbe_Winter_22";2022-03-12;"Flood";39;"GCWI22MLFL1";"GCWI22ML";"GCWI22ML";12.05;4.57;7.9;843.5;0.42;102;13.2;20;"benthopelagic";"invertivor";3.3;184;61.43;2.25;4;1;0.056;1.52;3;"f"
"207";"Fish";"GC";"Muehlenberger Loch";"Winter_22";"Elbe_Winter_22";2022-03-12;"Flood";39;"GCWI22MLFL2";"GCWI22ML";"GCWI22ML";12.05;4.57;7.9;843.5;0.42;102;13.2;20;"benthopelagic";"invertivor";3.3;162;50.45;0.21;1;0.76;0.042;2.3;3;"m"
"208";"Fish";"GC";"Brunsbuettel";"Spring_22";"Elbe_Spring_22";2022-06-01;"Ebb";43;"GCSP22BBEB1";"GCSP22BB";"GCSP22BB";12.55;15.24;8;2853;4.31;70;6.9;26;"benthopelagic";"invertivor";3.3;220;138.19;1.13;3;1.1;0.145;1.73;4;"f"
"209";"Fish";"GC";"Brunsbuettel";"Spring_22";"Elbe_Spring_22";2022-06-01;"Ebb";43;"GCSP22BBEB3";"GCSP22BB";"GCSP22BB";12.55;15.24;8;2853;4.31;70;6.9;26;"benthopelagic";"invertivor";3.3;205;112.15;0.6;1;1.01;0.45;1.09;4;"f"
"210";"Fish";"GC";"Brunsbuettel";"Spring_22";"Elbe_Spring_22";2022-06-01;"Ebb";43;"GCSP22BBEB5";"GCSP22BB";"GCSP22BB";12.55;15.24;8;2853;4.31;70;6.9;26;"benthopelagic";"invertivor";3.3;188;108.78;2.53;4;1.38;0.056;1.23;3;"f"
"211";"Fish";"GC";"Brunsbuettel";"Spring_22";"Elbe_Spring_22";2022-06-01;"Ebb";43;"GCSP22BBEB7";"GCSP22BB";"GCSP22BB";12.55;15.24;8;2853;4.31;70;6.9;26;"benthopelagic";"invertivor";3.3;186;76.14;1.6;4;0.85;0.027;0.4;3;"m"
"212";"Fish";"GC";"Brunsbuettel";"Spring_22";"Elbe_Spring_22";2022-06-01;"Ebb";43;"GCSP22BBEB9";"GCSP22BB";"GCSP22BB";12.55;15.24;8;2853;4.31;70;6.9;26;"benthopelagic";"invertivor";3.3;173;62.43;0.23;0;1.17;0.033;0.38;3;"m"
"213";"Fish";"GC";"Brunsbuettel";"Spring_22";"Elbe_Spring_22";2022-06-01;"Flood";44;"GCSP22BBFL1";"GCSP22BB";"GCSP22BB";13.2;15.52;7.9;5369.5;2.93;71;7;22;"benthopelagic";"invertivor";3.3;174;83.61;1.6;4;1.19;0.039;0.94;3;"f"
"214";"Fish";"GC";"Brunsbuettel";"Spring_22";"Elbe_Spring_22";2022-06-01;"Flood";44;"GCSP22BBFL2";"GCSP22BB";"GCSP22BB";13.2;15.52;7.9;5369.5;2.93;71;7;22;"benthopelagic";"invertivor";3.3;136;32.03;0.49;3;0.43;0.017;0.22;0;"f"
"215";"Fish";"GC";"Schwarztonnen Sand";"Spring_22";"Elbe_Spring_22";2022-06-02;"Ebb";45;"GCSP22SSEB1";"GCSP22SS";"GCSP22SS";13.95;16;7.6;1601.5;0.82;86;8.5;21.5;"benthopelagic";"invertivor";3.3;184;73.58;0.43;0;0.75;0.069;0.5;3;"f"
"216";"Fish";"GC";"Schwarztonnen Sand";"Spring_22";"Elbe_Spring_22";2022-06-02;"Ebb";45;"GCSP22SSEB3";"GCSP22SS";"GCSP22SS";13.95;16;7.6;1601.5;0.82;86;8.5;21.5;"benthopelagic";"invertivor";3.3;144;35.29;0.58;2;0.35;0.04;0.16;1;"j"
"217";"Fish";"GC";"Schwarztonnen Sand";"Spring_22";"Elbe_Spring_22";2022-06-02;"Ebb";45;"GCSP22SSEB5";"GCSP22SS";"GCSP22SS";13.95;16;7.6;1601.5;0.82;86;8.5;21.5;"benthopelagic";"invertivor";3.3;136;29.99;0.34;3;0.35;0.023;0.27;2;"f"
"218";"Fish";"GC";"Schwarztonnen Sand";"Spring_22";"Elbe_Spring_22";2022-06-02;"Ebb";45;"GCSP22SSEB7";"GCSP22SS";"GCSP22SS";13.95;16;7.6;1601.5;0.82;86;8.5;21.5;"benthopelagic";"invertivor";3.3;110;16.98;0.28;2;0.17;0;0;0;"j"
"219";"Fish";"GC";"Schwarztonnen Sand";"Spring_22";"Elbe_Spring_22";2022-06-02;"Flood";46;"GCSP22SSFL1";"GCSP22SS";"GCSP22SS";13.4;16.28;7.7;1315;0.67;85;8.4;15;"benthopelagic";"invertivor";3.3;151;41.12;0.41;3;0.55;0.027;1.39;2;"m"
"220";"Fish";"GC";"Schwarztonnen Sand";"Spring_22";"Elbe_Spring_22";2022-06-02;"Flood";46;"GCSP22SSFL3";"GCSP22SS";"GCSP22SS";13.4;16.28;7.7;1315;0.67;85;8.4;15;"benthopelagic";"invertivor";3.3;138;32.25;0.3;3;0.46;0.041;0.06;2;"f"
"221";"Fish";"GC";"Schwarztonnen Sand";"Spring_22";"Elbe_Spring_22";2022-06-02;"Flood";46;"GCSP22SSFL5";"GCSP22SS";"GCSP22SS";13.4;16.28;7.7;1315;0.67;85;8.4;15;"benthopelagic";"invertivor";3.3;111;17.02;0.18;1;0.18;0.023;0;0;"j"
"222";"Fish";"GC";"Twielenfleth";"Spring_22";"Elbe_Spring_22";2022-06-03;"Ebb";47;"GCSP22TWEB1";"GCSP22TW";"GCSP22TW";13.25;16.62;7.5;953.5;0.47;74;7.3;16.5;"benthopelagic";"invertivor";3.3;113;16.22;0.09;0;0.17;0.006;0.39;0;"m"
"223";"Fish";"GC";"Twielenfleth";"Spring_22";"Elbe_Spring_22";2022-06-03;"Flood";48;"GCSP22TWFL1";"GCSP22TW";"GCSP22TW";12.1;16.97;7.6;910.5;0.46;70;6.8;12.5;"benthopelagic";"invertivor";3.3;109;18.41;0.04;1;0.2;0.024;0.09;0;"f"
"224";"Fish";"GC";"Twielenfleth";"Spring_22";"Elbe_Spring_22";2022-06-03;"Flood";48;"GCSP22TWFL2";"GCSP22TW";"GCSP22TW";12.1;16.97;7.6;910.5;0.46;70;6.8;12.5;"benthopelagic";"invertivor";3.3;102;13.51;0.25;3;0.15;0.008;0;0;"j"
"225";"Fish";"GC";"Twielenfleth";"Spring_22";"Elbe_Spring_22";2022-06-03;"Flood";48;"GCSP22TWFL3";"GCSP22TW";"GCSP22TW";12.1;16.97;7.6;910.5;0.46;70;6.8;12.5;"benthopelagic";"invertivor";3.3;82;5.76;0.07;1;0.05;0;0;0;"j"
"226";"Fish";"GC";"Muehlenberger Loch";"Spring_22";"Elbe_Spring_22";2022-06-04;"Ebb";50;"GCSP22MLEB1";"GCSP22ML";"GCSP22ML";12.85;16.99;7.6;892;0.44;59;5.8;13.5;"benthopelagic";"invertivor";3.3;147;42.97;0.36;3;0.54;0.034;0.27;1;"f"
"227";"Fish";"GC";"Muehlenberger Loch";"Spring_22";"Elbe_Spring_22";2022-06-04;"Ebb";50;"GCSP22MLEB3";"GCSP22ML";"GCSP22ML";12.85;16.99;7.6;892;0.44;59;5.8;13.5;"benthopelagic";"invertivor";3.3;128;26.78;0.17;1;0.35;0.021;0.18;1;"f"
"228";"Fish";"GC";"Muehlenberger Loch";"Spring_22";"Elbe_Spring_22";2022-06-04;"Ebb";50;"GCSP22MLEB5";"GCSP22ML";"GCSP22ML";12.85;16.99;7.6;892;0.44;59;5.8;13.5;"benthopelagic";"invertivor";3.3;109;22.94;1.31;4;0.39;0.014;0.02;0;"j"
"229";"Fish";"GC";"Muehlenberger Loch";"Spring_22";"Elbe_Spring_22";2022-06-04;"Ebb";50;"GCSP22MLEB7";"GCSP22ML";"GCSP22ML";12.85;16.99;7.6;892;0.44;59;5.8;13.5;"benthopelagic";"invertivor";3.3;112;20.52;0.98;4;0.18;0.038;0.15;1;"f"
"230";"Fish";"GC";"Muehlenberger Loch";"Spring_22";"Elbe_Spring_22";2022-06-04;"Flood";49;"GCSP22MLFL1";"GCSP22ML";"GCSP22ML";12.45;16.79;7.4;899.5;0.45;59;5.8;16;"benthopelagic";"invertivor";3.3;181;73.56;0.56;3;0.69;0.069;0.66;3;"m"
"231";"Fish";"GC";"Muehlenberger Loch";"Spring_22";"Elbe_Spring_22";2022-06-04;"Flood";49;"GCSP22MLFL3";"GCSP22ML";"GCSP22ML";12.45;16.79;7.4;899.5;0.45;59;5.8;16;"benthopelagic";"invertivor";3.3;133;32.07;0.23;2;0.34;0.029;0.24;1;"f"
"232";"Fish";"GC";"Muehlenberger Loch";"Spring_22";"Elbe_Spring_22";2022-06-04;"Flood";49;"GCSP22MLFL5";"GCSP22ML";"GCSP22ML";12.45;16.79;7.4;899.5;0.45;59;5.8;16;"benthopelagic";"invertivor";3.3;115;21.79;0.42;3;0.28;0.016;0.11;1;"f"
"233";"Water";"WF";"Brunsbuettel";"Summer_21";"Elbe_Summer_21";2021-08-26;"Ebb";NA;"WFSU21BBEB";"WFSU21BB";"WF";12.8;17.75;7.9;7023.5;3.88;94;8.7;22.5;NA;NA;NA;NA;NA;NA;NA;NA;NA;NA;NA;NA
"234";"Water";"WF";"Medem Grund";"Summer_21";"Elbe_Summer_21";2021-08-25;"Ebb";NA;"WFSU21MGEB";"WFSU21MG";"WF";11.35;17.3;7.9;1898;11.32;91;8.2;37.5;NA;NA;NA;NA;NA;NA;NA;NA;NA;NA;NA;NA
"235";"Water";"WF";"Muehlenberger Loch";"Summer_21";"Elbe_Summer_21";2021-08-29;"Ebb";NA;"WFSU21MLEB";"WFSU21ML";"WF";12.45;17.36;7.6;928.5;0.46;52;5;30;NA;NA;NA;NA;NA;NA;NA;NA;NA;NA;NA;NA
"236";"Water";"WF";"Schwarztonnen Sand";"Summer_21";"Elbe_Summer_21";2021-08-27;"Ebb";NA;"WFSU21SSEB";"WFSU21SS";"WF";13.85;17.51;7.7;1321.5;0.76;85;8.1;15;NA;NA;NA;NA;NA;NA;NA;NA;NA;NA;NA;NA
"237";"Water";"WF";"Medem Grund";"Summer_21";"Elbe_Summer_21";2021-08-25;"Flood";NA;"WFSU21MGFL";"WFSU21MG";"WF";12.35;17.32;7.9;2138.5;12.82;97;8.6;35;NA;NA;NA;NA;NA;NA;NA;NA;NA;NA;NA;NA
"238";"Water";"WF";"Brunsbuettel";"Summer_21";"Elbe_Summer_21";2021-08-26;"Flood";NA;"WFSU21BBFL";"WFSU21BB";"WF";14.6;17.89;7.8;5495;3.03;94;8.7;22.5;NA;NA;NA;NA;NA;NA;NA;NA;NA;NA;NA;NA
"239";"Water";"WF";"Schwarztonnen Sand";"Summer_21";"Elbe_Summer_21";2021-08-27;"Flood";NA;"WFSU21SSFL";"WFSU21SS";"WF";12.65;17.56;7.8;1239.5;0.62;84;8;15;NA;NA;NA;NA;NA;NA;NA;NA;NA;NA;NA;NA
"240";"Water";"WF";"Schwarztonnen Sand";"Summer_21";"Elbe_Summer_21";2021-08-29;"Flood";NA;"WFSU21MLFL";"WFSU21ML";"WF";10.9;17.35;7.5;932;0.47;48;4.6;12.5;NA;NA;NA;NA;NA;NA;NA;NA;NA;NA;NA;NA
"241";"Water";"WF";"Twielenfleth";"Autumn_21";"Elbe_Autumn_21";2021-11-18;"Flood";NA;"WFAU21TWEB";"WFAU21TW";"WF";12.95;7.24;7.7;1034.5;0.52;92;11.2;13.5;NA;NA;NA;NA;NA;NA;NA;NA;NA;NA;NA;NA
"242";"Water";"WF";"Medem Grund";"Spring_22";"Elbe_Spring_22";2022-05-31;"Ebb";NA;"WFSP22MGEB";"WFSP22MG";"WF";11.8;14.3;8;2014.5;12.14;76;7.2;26;NA;NA;NA;NA;NA;NA;NA;NA;NA;NA;NA;NA
"243";"Water";"WF";"Medem Grund";"Spring_22";"Elbe_Spring_22";2022-05-31;"Flood";NA;"WFSP22MGFL";"WFSP22MG";"WF";12.7;14.56;8.1;1891.5;11.31;71;6.8;25;NA;NA;NA;NA;NA;NA;NA;NA;NA;NA;NA;NA
"244";"Water";"WF";"Brunsbuettel";"Spring_22";"Elbe_Spring_22";2022-06-01;"Ebb";NA;"WFSP22BBEB";"WFSP22BB";"WF";12.55;15.24;8;2853;4.31;70;6.9;26;NA;NA;NA;NA;NA;NA;NA;NA;NA;NA;NA;NA
"245";"Water";"WF";"Brunsbuettel";"Spring_22";"Elbe_Spring_22";2022-06-01;"Flood";NA;"WFSP22BBFL";"WFSP22BB";"WF";13.2;15.52;7.9;5369.5;2.93;71;7;22;NA;NA;NA;NA;NA;NA;NA;NA;NA;NA;NA;NA
"246";"Water";"WF";"Schwarztonnen Sand";"Spring_22";"Elbe_Spring_22";2022-06-02;"Ebb";NA;"WFSP22SSEB";"WFSP22SS";"WF";13.95;16;7.6;1601.5;0.82;86;8.5;21.5;NA;NA;NA;NA;NA;NA;NA;NA;NA;NA;NA;NA
"247";"Water";"WF";"Schwarztonnen Sand";"Spring_22";"Elbe_Spring_22";2022-06-02;"Flood";NA;"WFSP22SSFL";"WFSP22SS";"WF";13.4;16.28;7.7;1315;0.67;85;8.4;15;NA;NA;NA;NA;NA;NA;NA;NA;NA;NA;NA;NA
"248";"Water";"WF";"Muehlenberger Loch";"Spring_22";"Elbe_Spring_22";2022-06-04;"Ebb";NA;"WFSP22MLEB";"WFSP22ML";"WF";12.85;16.99;7.6;892;0.44;59;5.8;13.5;NA;NA;NA;NA;NA;NA;NA;NA;NA;NA;NA;NA
"249";"Water";"WF";"Muehlenberger Loch";"Spring_22";"Elbe_Spring_22";2022-06-04;"Flood";NA;"WFSP22MLFL";"WFSP22ML";"WF";12.45;16.79;7.4;899.5;0.45;59;5.8;16;NA;NA;NA;NA;NA;NA;NA;NA;NA;NA;NA;NA
"250";"Water";"WF";"Medem Grund";"Winter_22";"Elbe_Winter_22";2022-03-08;"Ebb";NA;"WFWI22MGEB";"WFWI22MG";"WF";11.75;4.63;7.7;5557;9.58;87;10.8;12.5;NA;NA;NA;NA;NA;NA;NA;NA;NA;NA;NA;NA
"251";"Water";"WF";"Medem Grund";"Winter_22";"Elbe_Winter_22";2022-03-08;"Flood";NA;"WFWI22MGFL";"WFWI22MG";"WF";12.35;4.89;7.8;5024;7.78;90;11.1;10;NA;NA;NA;NA;NA;NA;NA;NA;NA;NA;NA;NA
"252";"Water";"WF";"Brunsbuettel";"Winter_22";"Elbe_Winter_22";2022-03-09;"Ebb";NA;"WFWI22BBEB";"WFWI22BB";"WF";12.5;4.66;7.6;2808;1.46;93;12;7;NA;NA;NA;NA;NA;NA;NA;NA;NA;NA;NA;NA
"253";"Water";"WF";"Brunsbuettel";"Winter_22";"Elbe_Winter_22";2022-03-09;"Flood";NA;"WFWI22BBFL";"WFWI22BB";"WF";13.15;4.96;7.7;2245;1.16;93;11.9;10;NA;NA;NA;NA;NA;NA;NA;NA;NA;NA;NA;NA
"254";"Water";"WF";"Schwarztonnen Sand";"Winter_22";"Elbe_Winter_22";2022-03-10;"Ebb";NA;"WFWI22SSEB";"WFWI22SS";"WF";13.7;4.85;7.4;876;0.44;83;10.8;16.5;NA;NA;NA;NA;NA;NA;NA;NA;NA;NA;NA;NA
"255";"Water";"WF";"Schwarztonnen Sand";"Winter_22";"Elbe_Winter_22";2022-03-10;"Flood";NA;"WFWI22SSFL";"WFWI22SS";"WF";12.45;4.94;7.5;952.5;0.47;86;11.1;15;NA;NA;NA;NA;NA;NA;NA;NA;NA;NA;NA;NA
"256";"Water";"WF";"Muehlenberger Loch";"Winter_22";"Elbe_Winter_22";2022-03-12;"Ebb";NA;"WFWI22MLEB";"WFWI22ML";"WF";11.95;5.51;7.8;674.5;0.33;106;13.4;27.5;NA;NA;NA;NA;NA;NA;NA;NA;NA;NA;NA;NA
"257";"Water";"WF";"Muehlenberger Loch";"Winter_22";"Elbe_Winter_22";2022-03-12;"Flood";NA;"WFWI22MLFL";"WFWI22ML";"WF";12.05;4.57;7.9;843.5;0.42;102;13.2;20;NA;NA;NA;NA;NA;NA;NA;NA;NA;NA;NA;NA
